"1",,
"2","ankita","5678"
"3","rohit","4545"
"5","nj",
"8","mk","mkmk"
"9","hj","hjhj"
"10","gina","linetti"
"11","gina",
"12","new","newwwww"
"13","new",
"14",,
"15","aaaaaaaaaaaaaaaaaaaa",
"16",,
"17","nij","njinjinji"
"18","killerrrr","nhgt"
"19","killerrrr",
"20",,
"21",,
"22",,
"23",,
"24",,
"25","ankiyat","njnjnj"
"26",,
"27",,
"28","k ",
"29",,
"30",,
"31","asasas","nnnnnn"
"32","asasas","mnjn"
"33","asasas","nbvcx"
"34",,
"35","mnbvcx","mnbv"
"36","mnmn","qqqq"
"37","mnmn","zzzz"
"38","mnmn","zzzz"
"39","zzzz","zzzzz"
"40","nbnb","vbvb"
"41",,
"42","klrahul","6767"
"43","klrahul","mnbvcxz"
"44","klrahul","1111"
"45","klrahul","1"
"46","njhb","nbhgv"
"47","njbh","nbvc"
"48","amkij","rocks"
"49","jakeperalta","coolcool"
"50","jakeperalta","ccolcool"
"51","kmjn","mnjb"
"52","ankitamaha","asdfgh"
"53","nbhgvfcdtg","mnjhbg"
"54","qqqq","qqqq"
"55","anil","anil1"
"56","jake","amy"
"57","chris","aaaa"
"58","aaa","aaa"
"59","abcd","1111"
"60","abcd","1111"
"61","ankita","111111"
"62","mmmmm","uhuh"
"63","ninja1029","110099"
"64","QQQQQ","1111"
"65","aaa","111"
"66","olap","asd1"
"67","qwe","ewq1"
"68","bhuy","7654"
"69","ankita","8769"
"70","asasas","ankjh"
"71","ankita","asss"
